PlayerID,TeamID,MP,Starts,Min,Gls,Ast,xG,xAG,npxG,CrdY,CrdR,PrgC,PrgP,PrgR
1,16,34,34,2931.0,8.0,9.0,4.1,3.9,4.1,8.0,1.0,76.0,376.0,55.0
2,16,35,33,2857.0,19.0,8.0,10.3,8.4,10.3,2.0,0.0,93.0,168.0,269.0
3,16,33,33,2785.0,0.0,0.0,0.0,0.1,0.0,5.0,0.0,0.0,4.0,0.0
4,16,36,31,2647.0,11.0,8.0,13.0,6.4,11.5,2.0,0.0,64.0,103.0,180.0
5,16,32,30,2767.0,0.0,4.0,0.4,2.6,0.4,2.0,0.0,74.0,157.0,172.0
6,16,33,29,2578.0,6.0,9.0,3.7,7.6,3.7,8.0,0.0,140.0,177.0,260.0
7,16,31,29,2552.0,27.0,5.0,29.2,4.3,22.9,1.0,0.0,35.0,26.0,126.0
8,16,30,28,2559.0,0.0,0.0,1.4,0.3,1.4,0.0,0.0,34.0,173.0,16.0
9,16,30,28,2511.0,2.0,0.0,1.9,0.5,1.9,4.0,1.0,46.0,148.0,36.0
10,16,28,26,2328.0,4.0,1.0,3.1,1.4,3.1,3.0,0.0,63.0,136.0,115.0
11,16,29,24,2042.0,2.0,2.0,2.5,1.2,2.5,0.0,0.0,24.0,116.0,18.0
12,16,29,18,1595.0,3.0,8.0,2.5,4.6,2.5,3.0,0.0,218.0,57.0,295.0
13,16,30,16,1551.0,1.0,0.0,1.3,1.6,1.3,4.0,0.0,37.0,100.0,38.0
14,16,18,15,1221.0,4.0,10.0,2.4,11.5,2.4,2.0,0.0,47.0,111.0,133.0
15,16,16,12,1064.0,1.0,0.0,1.0,0.2,1.0,2.0,0.0,16.0,57.0,24.0
16,16,20,10,1009.0,3.0,1.0,2.1,2.5,2.1,6.0,0.0,87.0,50.0,146.0
17,16,16,8,809.0,2.0,0.0,0.6,1.1,0.6,1.0,0.0,21.0,33.0,46.0
18,16,17,7,661.0,0.0,2.0,0.8,1.1,0.8,0.0,0.0,28.0,34.0,58.0
19,16,9,5,635.0,0.0,0.0,0.0,0.0,0.0,0.0,0.0,0.0,0.0,0.0
20,16,14,2,302.0,1.0,1.0,1.4,1.2,1.4,0.0,0.0,13.0,25.0,38.0
21,16,4,0,93.0,0.0,0.0,0.1,0.0,0.1,0.0,0.0,7.0,7.0,3.0
22,16,6,0,53.0,0.0,1.0,0.2,0.2,0.2,0.0,0.0,4.0,2.0,4.0
23,16,1,0,12.0,0.0,0.0,0.0,0.0,0.0,0.0,0.0,0.0,0.0,0.0
24,16,1,0,11.0,0.0,0.0,0.0,0.0,0.0,0.0,0.0,0.0,0.0,0.0
25,16,1,0,1.0,0.0,0.0,0.0,0.0,0.0,0.0,0.0,0.0,0.0,0.0
26,14,36,36,3177.0,2.0,2.0,2.8,1.6,2.8,3.0,1.0,32.0,200.0,7.0
27,14,37,32,2629.0,8.0,5.0,11.9,5.7,11.9,3.0,0.0,137.0,113.0,302.0
28,14,33,31,2599.0,5.0,5.0,3.7,3.6,2.9,7.0,1.0,44.0,209.0,48.0
29,14,32,28,2534.0,18.0,10.0,21.2,11.8,15.5,2.0,0.0,98.0,147.0,341.0
30,14,28,28,2520.0,0.0,0.0,0.0,0.0,0.0,1.0,0.0,0.0,5.0,0.0
31,14,28,25,2155.0,3.0,4.0,2.6,7.2,2.3,6.0,0.0,45.0,205.0,97.0
32,14,33,25,2104.0,3.0,2.0,3.7,5.8,3.7,1.0,0.0,75.0,152.0,160.0
33,14,36,22,2047.0,11.0,8.0,16.3,6.0,15.5,9.0,0.0,58.0,54.0,206.0
34,14,29,20,1722.0,1.0,0.0,0.5,1.7,0.5,10.0,0.0,10.0,101.0,21.0
35,14,23,18,1693.0,3.0,2.0,1.9,5.4,1.9,2.0,0.0,63.0,140.0,130.0
36,14,32,17,1786.0,0.0,1.0,0.8,1.3,0.8,5.0,0.0,44.0,100.0,105.0
37,14,35,17,1649.0,8.0,5.0,9.0,2.9,9.0,1.0,0.0,43.0,83.0,130.0
38,14,22,17,1574.0,0.0,0.0,0.7,0.4,0.7,5.0,1.0,24.0,118.0,3.0
39,14,23,14,1167.0,1.0,1.0,2.6,0.7,2.6,3.0,1.0,31.0,74.0,88.0
40,14,21,14,1145.0,10.0,3.0,5.3,3.3,5.3,3.0,1.0,54.0,34.0,111.0
41,14,17,13,1190.0,2.0,0.0,1.0,0.1,1.0,1.0,0.0,13.0,67.0,1.0
42,14,26,12,1121.0,1.0,0.0,2.0,0.9,2.0,0.0,0.0,39.0,78.0,71.0
43,14,34,11,1352.0,3.0,6.0,2.7,3.5,2.7,2.0,0.0,44.0,128.0,122.0
44,14,10,10,900.0,0.0,0.0,0.0,0.0,0.0,0.0,0.0,0.0,1.0,0.0
45,14,11,10,753.0,1.0,3.0,0.9,1.5,0.9,2.0,0.0,35.0,29.0,64.0
46,14,10,9,781.0,0.0,0.0,0.5,0.1,0.5,2.0,0.0,8.0,34.0,1.0
47,14,13,8,679.0,0.0,3.0,0.1,1.0,0.1,0.0,0.0,24.0,31.0,73.0
48,14,5,1,89.0,0.0,0.0,0.1,0.0,0.1,0.0,0.0,3.0,3.0,7.0
49,14,1,0,26.0,0.0,0.0,0.0,0.0,0.0,0.0,0.0,0.0,1.0,0.0
50,14,1,0,14.0,0.0,0.0,0.0,0.0,0.0,0.0,0.0,0.0,0.0,0.0
51,14,2,0,9.0,0.0,0.0,0.0,0.0,0.0,1.0,0.0,0.0,1.0,2.0
52,14,1,0,8.0,0.0,0.0,0.0,0.0,0.0,0.0,0.0,0.0,0.0,1.0
53,14,1,0,6.0,0.0,0.0,0.0,0.0,0.0,0.0,0.0,0.0,0.0,0.0
54,14,3,0,4.0,0.0,0.0,0.0,0.0,0.0,0.0,0.0,0.0,1.0,0.0
55,14,1,0,1.0,0.0,0.0,0.0,0.0,0.0,0.0,0.0,0.0,1.0,0.0
56,2,38,38,3420.0,2.0,1.0,1.6,0.2,1.6,4.0,0.0,16.0,157.0,6.0
57,2,38,37,3225.0,7.0,8.0,3.3,5.3,3.3,5.0,0.0,75.0,278.0,64.0
58,2,35,35,3091.0,8.0,10.0,7.4,9.6,5.8,2.0,0.0,91.0,344.0,202.0
59,2,37,35,2988.0,4.0,4.0,1.2,3.8,1.2,8.0,0.0,44.0,192.0,162.0
60,2,35,35,2919.0,16.0,9.0,15.5,10.5,10.8,4.0,0.0,155.0,126.0,508.0
61,2,36,34,3044.0,4.0,0.0,4.3,0.7,4.3,4.0,0.0,13.0,117.0,8.0
62,2,32,32,2880.0,0.0,0.0,0.0,0.0,0.0,2.0,0.0,0.0,2.0,0.0
63,2,37,30,2634.0,13.0,7.0,12.3,4.4,11.6,11.0,0.0,55.0,99.0,191.0
64,2,35,24,2019.0,6.0,4.0,6.8,6.1,6.8,1.0,0.0,127.0,65.0,345.0
65,2,27,20,1722.0,1.0,2.0,0.6,2.5,0.6,2.0,0.0,40.0,229.0,58.0
66,2,34,18,1649.0,12.0,1.0,7.9,2.8,7.9,2.0,0.0,66.0,76.0,155.0
67,2,27,17,1478.0,4.0,5.0,6.3,3.8,6.3,6.0,0.0,38.0,42.0,155.0
68,2,20,11,946.0,1.0,3.0,0.8,0.9,0.8,1.0,0.0,4.0,55.0,16.0
69,2,22,10,1149.0,2.0,1.0,1.5,0.4,1.5,2.0,1.0,17.0,72.0,37.0
70,2,27,10,1082.0,5.0,2.0,4.5,0.8,4.5,3.0,0.0,22.0,20.0,77.0
71,2,24,10,921.0,0.0,2.0,0.1,1.4,0.1,1.0,0.0,8.0,101.0,8.0
72,2,14,9,788.0,0.0,0.0,0.4,0.3,0.4,3.0,0.0,15.0,72.0,10.0
73,2,6,6,540.0,0.0,0.0,0.0,0.0,0.0,0.0,0.0,0.0,2.0,0.0
74,2,13,3,353.0,0.0,1.0,2.0,0.2,2.0,0.0,0.0,11.0,23.0,18.0
75,2,11,2,297.0,1.0,2.0,1.3,1.6,0.5,0.0,1.0,12.0,15.0,30.0
76,2,15,1,268.0,0.0,0.0,0.2,0.6,0.2,1.0,0.0,9.0,5.0,26.0
77,2,2,1,71.0,0.0,0.0,0.0,0.0,0.0,2.0,0.0,0.0,8.0,5.0
78,2,3,0,62.0,0.0,0.0,0.0,0.0,0.0,0.0,0.0,0.0,3.0,6.0
79,2,3,0,28.0,0.0,0.0,0.1,0.0,0.1,0.0,0.0,1.0,1.0,0.0
80,2,1,0,14.0,0.0,0.0,0.0,0.0,0.0,0.0,0.0,2.0,2.0,1.0
81,9,37,37,3128.0,5.0,7.0,4.2,5.0,4.2,9.0,1.0,62.0,172.0,122.0
82,9,35,33,2866.0,1.0,3.0,0.4,2.6,0.4,11.0,0.0,27.0,173.0,27.0
83,9,35,31,2799.0,14.0,5.0,18.6,4.3,18.6,10.0,0.0,70.0,67.0,200.0
84,9,33,29,2607.0,22.0,11.0,18.2,11.1,11.1,7.0,0.0,117.0,197.0,195.0
85,9,31,29,2579.0,2.0,0.0,2.4,0.3,2.4,6.0,0.0,30.0,112.0,21.0
86,9,31,28,2527.0,3.0,1.0,0.8,1.0,0.8,4.0,0.0,2.0,102.0,5.0
87,9,28,26,2209.0,3.0,2.0,6.2,3.4,4.6,7.0,0.0,52.0,210.0,54.0
88,9,23,22,1987.0,0.0,0.0,0.0,0.0,0.0,2.0,0.0,0.0,1.0,0.0
89,9,31,22,1978.0,8.0,4.0,6.5,4.5,6.5,7.0,0.0,120.0,78.0,242.0
90,9,23,20,1797.0,1.0,1.0,1.3,1.2,1.3,2.0,0.0,23.0,73.0,27.0
91,9,21,20,1782.0,0.0,2.0,1.1,1.1,1.1,10.0,0.0,31.0,50.0,73.0
92,9,27,19,1751.0,0.0,6.0,0.9,4.3,0.9,7.0,1.0,78.0,86.0,135.0
93,9,31,18,1576.0,5.0,2.0,4.4,4.1,4.4,5.0,0.0,92.0,45.0,139.0
94,9,16,16,1433.0,0.0,0.0,0.0,0.0,0.0,2.0,0.0,0.0,1.0,0.0
95,9,18,15,1338.0,0.0,1.0,0.3,1.5,0.3,3.0,0.0,3.0,46.0,3.0
96,9,23,13,1053.0,5.0,2.0,2.5,2.6,1.7,2.0,0.0,76.0,52.0,136.0
97,9,13,10,952.0,1.0,0.0,0.2,0.1,0.2,1.0,0.0,5.0,31.0,9.0
98,9,13,9,756.0,0.0,1.0,1.2,2.2,1.2,5.0,0.0,22.0,25.0,59.0
99,9,13,6,454.0,1.0,0.0,2.4,0.2,2.4,0.0,0.0,11.0,6.0,37.0
100,9,10,5,419.0,0.0,2.0,0.3,1.7,0.3,2.0,2.0,19.0,21.0,35.0
101,9,12,3,301.0,0.0,0.0,0.0,0.1,0.0,2.0,0.0,8.0,17.0,3.0
102,9,11,2,443.0,3.0,0.0,2.3,0.2,2.3,0.0,0.0,10.0,19.0,35.0
103,9,9,2,227.0,1.0,1.0,0.2,0.3,0.2,2.0,0.0,4.0,12.0,19.0
104,9,11,2,207.0,1.0,0.0,0.3,0.0,0.3,1.0,0.0,1.0,7.0,4.0
105,9,12,1,209.0,0.0,0.0,0.8,0.1,0.8,1.0,0.0,9.0,8.0,15.0
106,9,11,0,79.0,0.0,0.0,0.0,0.1,0.0,0.0,0.0,1.0,3.0,3.0
107,9,1,0,33.0,0.0,0.0,0.0,0.0,0.0,0.0,0.0,0.0,1.0,0.0
108,9,2,0,13.0,0.0,0.0,0.5,0.0,0.5,0.0,0.0,0.0,0.0,1.0
109,9,2,0,9.0,0.0,0.0,0.0,0.0,0.0,0.0,0.0,0.0,0.0,1.0
110,9,1,0,6.0,0.0,0.0,0.0,0.0,0.0,0.0,0.0,0.0,0.0,0.0
111,9,1,0,1.0,0.0,0.0,0.0,0.0,0.0,0.0,0.0,0.0,0.0,0.0
112,9,1,0,1.0,0.0,0.0,0.0,0.0,0.0,0.0,0.0,0.0,0.0,0.0
113,21,37,37,3263.0,7.0,8.0,4.8,6.4,4.8,9.0,0.0,65.0,283.0,73.0
114,21,36,35,3054.0,4.0,1.0,2.5,0.7,2.5,5.0,0.0,28.0,133.0,20.0
115,21,35,34,2890.0,11.0,10.0,10.2,8.0,9.4,12.0,1.0,138.0,101.0,232.0
116,21,33,32,2726.0,2.0,2.0,3.1,1.1,3.1,4.0,0.0,14.0,75.0,25.0
117,21,35,30,2747.0,6.0,2.0,6.6,2.3,6.6,7.0,0.0,24.0,145.0,116.0
118,21,30,27,2255.0,21.0,2.0,20.3,3.7,15.6,1.0,0.0,68.0,71.0,129.0
119,21,28,26,2236.0,1.0,10.0,0.7,7.5,0.7,5.0,0.0,34.0,157.0,128.0
120,21,33,23,1937.0,3.0,1.0,4.5,2.6,4.5,2.0,0.0,78.0,78.0,162.0
121,21,23,22,1985.0,0.0,0.0,0.0,0.1,0.0,1.0,0.0,0.0,0.0,0.0
122,21,17,15,1377.0,2.0,2.0,0.6,1.0,0.6,2.0,0.0,0.0,35.0,5.0
123,21,15,15,1345.0,0.0,0.0,0.0,0.0,0.0,1.0,0.0,0.0,0.0,0.0
124,21,20,15,1279.0,2.0,1.0,3.1,2.8,3.1,6.0,0.0,29.0,56.0,60.0
125,21,17,14,1202.0,1.0,3.0,1.2,1.7,1.2,1.0,0.0,14.0,53.0,54.0
126,21,21,14,1189.0,3.0,7.0,2.1,5.0,2.1,1.0,0.0,33.0,52.0,113.0
127,21,16,13,1080.0,1.0,0.0,0.7,0.1,0.7,4.0,0.0,8.0,31.0,3.0
128,21,26,12,1314.0,1.0,0.0,0.4,0.8,0.4,1.0,0.0,44.0,61.0,76.0
129,21,21,10,1027.0,0.0,2.0,1.5,1.9,1.5,3.0,0.0,37.0,57.0,70.0
130,21,20,9,991.0,9.0,1.0,8.8,0.6,7.2,3.0,0.0,11.0,9.0,77.0
131,21,17,8,913.0,0.0,0.0,0.2,1.0,0.2,2.0,0.0,12.0,29.0,33.0
132,21,18,8,781.0,1.0,0.0,0.3,0.3,0.3,2.0,0.0,19.0,46.0,27.0
133,21,21,7,802.0,5.0,3.0,3.6,3.2,3.6,2.0,0.0,45.0,34.0,79.0
134,21,8,5,438.0,1.0,0.0,0.7,0.6,0.7,2.0,0.0,11.0,19.0,21.0
135,21,9,5,419.0,1.0,0.0,0.8,0.6,0.8,0.0,0.0,16.0,17.0,26.0
136,21,1,1,90.0,0.0,0.0,0.0,0.0,0.0,0.0,0.0,0.0,0.0,0.0
137,21,3,1,78.0,0.0,0.0,0.0,0.0,0.0,1.0,0.0,1.0,2.0,0.0
138,21,13,0,128.0,1.0,0.0,1.0,0.0,1.0,1.0,0.0,5.0,8.0,13.0
139,21,1,0,25.0,0.0,0.0,0.0,0.0,0.0,0.0,0.0,0.0,0.0,0.0
140,21,5,0,20.0,0.0,0.0,0.0,0.0,0.0,0.0,0.0,1.0,1.0,0.0
141,21,2,0,13.0,0.0,0.0,0.0,0.0,0.0,0.0,0.0,0.0,1.0,0.0
142,21,4,0,13.0,0.0,0.0,0.0,0.0,0.0,1.0,0.0,2.0,3.0,3.0
143,21,1,0,1.0,0.0,0.0,0.0,0.0,0.0,0.0,0.0,0.0,0.0,0.0
144,21,1,0,1.0,0.0,0.0,0.0,0.0,0.0,0.0,0.0,0.0,0.0,0.0
145,22,38,38,3420.0,0.0,0.0,0.0,0.0,0.0,2.0,0.0,0.0,3.0,0.0
146,22,35,35,3089.0,3.0,7.0,2.9,7.2,2.9,3.0,0.0,57.0,194.0,158.0
147,22,35,34,2934.0,17.0,10.0,12.0,11.8,10.4,1.0,0.0,119.0,139.0,325.0
148,22,33,33,2790.0,5.0,0.0,3.5,0.4,3.5,7.0,1.0,32.0,179.0,8.0
149,22,36,31,2762.0,8.0,3.0,4.7,7.7,4.7,7.0,0.0,151.0,144.0,388.0
150,22,28,28,2391.0,2.0,3.0,2.4,2.2,2.4,7.0,1.0,83.0,155.0,138.0
151,22,27,27,2339.0,3.0,0.0,0.6,0.0,0.6,5.0,0.0,19.0,108.0,9.0
152,22,34,27,2069.0,3.0,3.0,3.4,2.2,3.4,9.0,0.0,43.0,150.0,90.0
153,22,28,26,2135.0,4.0,9.0,6.4,5.9,6.4,5.0,0.0,58.0,224.0,156.0
154,22,28,26,2068.0,0.0,0.0,1.4,0.4,1.4,10.0,2.0,43.0,169.0,13.0
155,22,32,23,2085.0,5.0,10.0,10.3,8.1,10.3,3.0,0.0,97.0,72.0,293.0
156,22,28,18,1491.0,11.0,4.0,9.6,2.1,9.6,3.0,0.0,26.0,38.0,106.0
157,22,23,13,1005.0,1.0,1.0,1.9,0.5,1.9,7.0,0.0,16.0,72.0,31.0
158,22,17,12,1090.0,1.0,0.0,2.3,0.4,2.3,2.0,0.0,13.0,71.0,20.0
159,22,22,11,1161.0,1.0,0.0,0.2,0.4,0.2,4.0,0.0,21.0,57.0,35.0
160,22,13,10,809.0,2.0,3.0,3.7,2.7,3.7,1.0,0.0,79.0,41.0,124.0
161,22,36,8,1311.0,0.0,0.0,0.7,1.2,0.7,4.0,0.0,17.0,134.0,29.0
162,22,21,5,707.0,0.0,0.0,0.7,0.6,0.7,3.0,0.0,8.0,37.0,25.0
163,22,22,4,506.0,2.0,2.0,0.6,1.9,0.6,2.0,0.0,25.0,68.0,29.0
164,22,9,4,429.0,0.0,0.0,0.1,0.0,0.1,1.0,0.0,5.0,8.0,1.0
165,22,11,2,209.0,0.0,0.0,0.8,0.2,0.8,0.0,0.0,11.0,16.0,49.0
166,22,5,2,199.0,0.0,2.0,0.4,0.8,0.4,1.0,0.0,17.0,11.0,44.0
167,22,4,1,201.0,0.0,0.0,0.0,0.0,0.0,0.0,0.0,0.0,3.0,0.0
168,22,5,0,103.0,0.0,1.0,0.1,0.9,0.1,2.0,0.0,15.0,9.0,17.0
169,22,1,0,77.0,0.0,0.0,0.1,0.0,0.1,1.0,0.0,0.0,2.0,0.0
170,22,8,0,50.0,1.0,0.0,0.2,0.0,0.2,1.0,0.0,0.0,1.0,3.0
171,22,4,0,22.0,0.0,0.0,0.0,0.0,0.0,0.0,0.0,0.0,1.0,4.0
172,22,2,0,4.0,0.0,0.0,0.0,0.0,0.0,0.0,0.0,2.0,1.0,2.0
173,22,3,0,3.0,0.0,0.0,0.0,0.0,0.0,1.0,0.0,0.0,0.0,0.0
174,23,38,38,3420.0,0.0,0.0,0.0,0.1,0.0,5.0,0.0,1.0,5.0,0.0
175,23,36,35,3174.0,2.0,3.0,1.7,2.9,1.7,6.0,1.0,52.0,124.0,111.0
176,23,35,35,3118.0,10.0,8.0,10.0,11.8,6.1,9.0,0.0,86.0,297.0,182.0
177,23,36,30,2565.0,7.0,4.0,8.4,5.1,8.3,4.0,0.0,178.0,62.0,281.0
178,23,33,26,2271.0,7.0,2.0,7.4,2.3,5.8,2.0,0.0,95.0,65.0,184.0
179,23,30,25,2158.0,10.0,2.0,7.6,1.6,7.6,2.0,0.0,36.0,33.0,111.0
180,23,25,24,1982.0,1.0,2.0,3.5,1.0,3.5,7.0,0.0,12.0,112.0,36.0
181,23,24,24,1924.0,3.0,1.0,0.9,0.7,0.9,3.0,0.0,25.0,64.0,36.0
182,23,22,20,1780.0,0.0,2.0,0.1,1.5,0.1,4.0,0.0,30.0,77.0,54.0
183,23,32,18,1901.0,7.0,1.0,5.7,0.8,5.7,2.0,0.0,29.0,64.0,47.0
184,23,22,18,1653.0,2.0,2.0,2.0,1.2,2.0,4.0,0.0,20.0,73.0,2.0
185,23,22,16,1375.0,1.0,0.0,1.3,0.1,1.3,2.0,0.0,16.0,59.0,2.0
186,23,23,15,1392.0,0.0,1.0,0.1,1.2,0.1,2.0,0.0,7.0,37.0,1.0
187,23,29,15,1324.0,1.0,1.0,3.4,2.8,3.4,5.0,0.0,53.0,64.0,149.0
188,23,19,14,1328.0,1.0,1.0,0.8,0.3,0.8,2.0,0.0,17.0,40.0,17.0
189,23,22,12,1141.0,1.0,2.0,1.0,2.3,1.0,1.0,0.0,20.0,68.0,23.0
190,23,12,12,959.0,0.0,0.0,0.0,1.0,0.0,6.0,0.0,10.0,45.0,30.0
191,23,21,10,938.0,0.0,0.0,0.1,0.3,0.1,6.0,0.0,6.0,66.0,10.0
192,23,11,8,646.0,0.0,1.0,0.0,0.1,0.0,3.0,0.0,8.0,28.0,1.0
193,23,14,5,516.0,1.0,0.0,0.4,0.3,0.4,2.0,0.0,9.0,21.0,34.0
194,23,13,5,448.0,1.0,0.0,1.2,0.2,1.2,0.0,0.0,6.0,12.0,36.0
195,23,9,4,412.0,0.0,0.0,0.2,0.7,0.2,3.0,0.0,11.0,27.0,38.0
196,23,9,3,390.0,1.0,1.0,0.5,1.1,0.5,1.0,0.0,11.0,10.0,31.0
197,23,8,3,330.0,0.0,0.0,0.0,0.0,0.0,1.0,0.0,2.0,8.0,1.0
198,23,9,1,172.0,0.0,1.0,0.7,0.1,0.7,0.0,0.0,6.0,6.0,31.0
199,23,5,1,133.0,1.0,0.0,0.0,0.4,0.0,1.0,0.0,2.0,6.0,10.0
200,23,4,1,70.0,0.0,1.0,0.0,0.2,0.0,0.0,0.0,1.0,2.0,2.0
201,23,3,0,79.0,0.0,0.0,0.0,0.1,0.0,0.0,0.0,10.0,4.0,5.0
202,23,3,0,16.0,0.0,0.0,0.0,0.0,0.0,0.0,0.0,0.0,0.0,1.0
203,23,1,0,3.0,0.0,0.0,0.0,0.1,0.0,0.0,0.0,0.0,0.0,1.0
204,23,1,0,1.0,0.0,0.0,0.0,0.0,0.0,0.0,0.0,0.0,0.0,0.0
205,17,37,37,3217.0,19.0,13.0,16.8,7.3,16.8,4.0,0.0,62.0,55.0,214.0
206,17,35,35,3069.0,1.0,0.0,2.5,0.5,2.5,5.0,0.0,37.0,136.0,33.0
207,17,35,35,2999.0,6.0,4.0,5.0,4.6,5.0,9.0,1.0,59.0,189.0,84.0
208,17,35,35,2993.0,9.0,5.0,6.9,5.4,3.8,12.0,0.0,60.0,168.0,50.0
209,17,34,34,3015.0,0.0,0.0,0.0,0.0,0.0,4.0,0.0,0.0,2.0,0.0
210,17,29,27,2464.0,2.0,0.0,1.0,0.4,1.0,1.0,0.0,42.0,128.0,16.0
211,17,33,27,2410.0,1.0,3.0,1.1,4.1,1.1,7.0,0.0,42.0,77.0,200.0
212,17,38,25,2174.0,6.0,8.0,7.0,6.6,7.0,1.0,0.0,94.0,72.0,183.0
213,17,29,23,2142.0,2.0,2.0,4.2,2.3,4.2,8.0,0.0,62.0,88.0,101.0
214,17,35,22,2068.0,10.0,9.0,6.3,9.2,6.3,5.0,0.0,102.0,82.0,226.0
215,17,27,20,1816.0,0.0,0.0,1.9,0.1,1.9,4.0,0.0,4.0,59.0,1.0
216,17,20,20,1652.0,0.0,1.0,0.1,1.3,0.1,7.0,1.0,19.0,83.0,10.0
217,17,32,17,1622.0,2.0,6.0,1.3,2.6,1.3,3.0,0.0,23.0,128.0,46.0
218,17,14,14,1153.0,0.0,1.0,0.9,0.8,0.9,3.0,0.0,26.0,51.0,1.0
219,17,21,11,1031.0,2.0,0.0,1.1,1.1,1.1,2.0,0.0,32.0,24.0,83.0
220,17,25,9,839.0,2.0,0.0,2.6,1.0,2.6,7.0,0.0,35.0,30.0,60.0
221,17,16,8,853.0,1.0,1.0,2.2,1.0,2.2,2.0,0.0,33.0,28.0,69.0
222,17,11,8,638.0,3.0,1.0,1.4,0.6,1.4,3.0,0.0,22.0,28.0,30.0
223,17,5,4,405.0,0.0,0.0,0.0,0.0,0.0,0.0,0.0,0.0,0.0,0.0
224,17,23,3,475.0,5.0,0.0,2.0,0.3,2.0,5.0,0.0,9.0,9.0,25.0
225,17,9,1,164.0,0.0,0.0,0.0,0.0,0.0,0.0,0.0,3.0,1.0,0.0
226,17,5,1,152.0,0.0,1.0,0.0,0.1,0.0,1.0,0.0,0.0,5.0,1.0
227,17,8,1,119.0,1.0,0.0,0.7,0.0,0.7,0.0,0.0,0.0,3.0,2.0
228,17,1,1,30.0,0.0,0.0,0.0,0.0,0.0,0.0,0.0,0.0,0.0,0.0
229,17,2,0,37.0,0.0,0.0,0.1,0.0,0.1,0.0,0.0,1.0,0.0,0.0
230,17,2,0,25.0,0.0,0.0,0.1,0.0,0.1,0.0,0.0,5.0,5.0,2.0
231,17,2,0,11.0,0.0,0.0,0.0,0.0,0.0,0.0,0.0,0.0,0.0,0.0
232,17,1,0,6.0,0.0,0.0,0.0,0.0,0.0,1.0,0.0,1.0,0.0,0.0
233,17,3,0,6.0,0.0,0.0,0.0,0.0,0.0,0.0,0.0,0.0,0.0,0.0
234,17,1,0,4.0,0.0,0.0,0.0,0.0,0.0,0.0,0.0,0.0,0.0,0.0
235,17,1,0,4.0,0.0,0.0,0.0,0.0,0.0,0.0,0.0,2.0,0.0,1.0
236,24,36,36,3132.0,0.0,7.0,0.3,4.0,0.3,7.0,1.0,68.0,119.0,126.0
237,24,36,35,3137.0,1.0,2.0,1.5,2.4,1.5,10.0,0.0,59.0,125.0,124.0
238,24,34,34,3019.0,16.0,6.0,11.6,5.5,11.6,2.0,0.0,90.0,52.0,186.0
239,24,37,34,3001.0,7.0,7.0,6.0,7.8,4.4,4.0,0.0,18.0,144.0,63.0
240,24,37,34,2870.0,7.0,2.0,6.7,1.7,6.7,7.0,0.0,7.0,86.0,39.0
241,24,33,32,2838.0,3.0,0.0,1.8,0.2,1.8,3.0,0.0,7.0,53.0,1.0
242,24,31,31,2699.0,0.0,0.0,0.0,0.0,0.0,1.0,0.0,0.0,1.0,0.0
243,24,31,31,2622.0,4.0,6.0,5.4,5.4,3.8,10.0,0.0,34.0,187.0,116.0
244,24,31,28,2377.0,1.0,1.0,1.3,0.6,1.3,11.0,0.0,20.0,91.0,26.0
245,24,33,27,2484.0,8.0,6.0,5.1,3.5,5.1,6.0,0.0,117.0,80.0,216.0
246,24,21,21,1857.0,1.0,0.0,1.5,0.3,1.5,3.0,1.0,10.0,68.0,3.0
247,24,26,21,1695.0,6.0,2.0,5.8,0.9,5.8,6.0,0.0,48.0,22.0,104.0
248,24,19,16,1500.0,1.0,0.0,1.2,0.2,1.2,2.0,0.0,10.0,38.0,2.0
249,24,10,7,721.0,0.0,0.0,0.0,0.0,0.0,0.0,0.0,0.0,1.0,0.0
250,24,11,7,635.0,0.0,0.0,0.0,0.0,0.0,1.0,0.0,2.0,4.0,0.0
251,24,13,5,620.0,0.0,1.0,1.8,1.4,1.0,1.0,0.0,28.0,28.0,70.0
252,24,14,4,544.0,0.0,0.0,0.2,0.0,0.2,1.0,0.0,17.0,22.0,33.0
253,24,11,4,436.0,0.0,0.0,0.0,0.4,0.0,1.0,0.0,4.0,26.0,6.0
254,24,15,4,426.0,0.0,0.0,0.3,0.3,0.3,0.0,0.0,4.0,29.0,27.0
255,24,20,3,404.0,1.0,0.0,1.3,0.3,1.3,1.0,0.0,7.0,8.0,29.0
21,24,8,3,309.0,0.0,0.0,0.1,0.0,0.1,3.0,1.0,3.0,19.0,4.0
256,24,7,1,112.0,1.0,0.0,0.4,0.2,0.4,0.0,0.0,3.0,2.0,8.0
257,24,5,0,80.0,0.0,0.0,0.1,0.0,0.1,0.0,0.0,0.0,0.0,5.0
258,24,3,0,34.0,1.0,0.0,0.3,0.0,0.3,0.0,0.0,0.0,1.0,3.0
259,24,4,0,22.0,0.0,0.0,0.0,0.0,0.0,2.0,0.0,0.0,1.0,1.0
260,24,1,0,1.0,0.0,0.0,0.0,0.0,0.0,0.0,0.0,0.0,0.0,0.0
261,19,38,38,3415.0,2.0,3.0,1.7,2.8,1.7,7.0,0.0,21.0,147.0,10.0
262,19,37,37,3204.0,2.0,3.0,1.6,2.8,1.6,6.0,0.0,32.0,94.0,159.0
263,19,35,30,2543.0,4.0,7.0,3.9,4.2,3.9,9.0,1.0,74.0,63.0,173.0
264,19,28,27,2400.0,1.0,1.0,2.7,2.2,2.7,8.0,0.0,14.0,106.0,51.0
265,19,35,25,2282.0,16.0,5.0,10.9,3.1,9.4,3.0,0.0,29.0,25.0,135.0
266,19,27,24,2055.0,11.0,4.0,9.1,5.2,8.3,3.0,0.0,68.0,93.0,139.0
267,19,26,23,2094.0,1.0,1.0,0.6,0.4,0.6,3.0,0.0,1.0,43.0,1.0
268,19,25,23,2021.0,0.0,1.0,0.6,0.6,0.6,2.0,0.0,15.0,67.0,7.0
269,19,26,23,1980.0,0.0,1.0,0.9,0.2,0.9,4.0,0.0,16.0,66.0,14.0
270,19,30,23,1891.0,0.0,1.0,0.3,1.1,0.3,6.0,0.0,14.0,76.0,17.0
271,19,20,20,1796.0,0.0,0.0,0.0,0.0,0.0,1.0,0.0,0.0,0.0,0.0
272,19,18,18,1620.0,0.0,0.0,0.0,0.0,0.0,2.0,0.0,0.0,0.0,0.0
273,19,30,17,1555.0,7.0,0.0,6.2,1.2,6.2,4.0,0.0,33.0,36.0,100.0
274,19,29,17,1352.0,2.0,2.0,1.8,2.3,1.8,1.0,0.0,20.0,33.0,52.0
275,19,16,16,1439.0,0.0,4.0,1.2,2.4,1.2,4.0,0.0,25.0,38.0,80.0
276,19,16,15,1297.0,0.0,3.0,0.3,2.4,0.3,2.0,0.0,14.0,79.0,10.0
277,19,19,14,1338.0,0.0,0.0,0.2,0.2,0.2,0.0,0.0,10.0,33.0,18.0
278,19,19,14,1275.0,10.0,6.0,5.5,5.8,4.7,0.0,0.0,68.0,78.0,134.0
279,19,11,11,919.0,0.0,0.0,0.3,0.7,0.3,2.0,0.0,9.0,49.0,5.0
280,19,9,2,235.0,0.0,0.0,0.0,0.0,0.0,0.0,0.0,3.0,10.0,3.0
281,19,10,1,232.0,0.0,1.0,0.4,0.9,0.4,1.0,0.0,12.0,8.0,12.0
282,19,20,0,349.0,0.0,0.0,0.5,0.0,0.5,4.0,1.0,19.0,25.0,20.0
283,19,9,0,156.0,0.0,0.0,0.0,0.0,0.0,1.0,0.0,2.0,4.0,3.0
284,19,6,0,136.0,0.0,0.0,0.4,0.2,0.4,0.0,0.0,7.0,2.0,18.0
285,19,4,0,10.0,0.0,0.0,0.0,0.0,0.0,0.0,0.0,0.0,1.0,0.0
286,19,1,0,4.0,0.0,0.0,0.0,0.0,0.0,0.0,0.0,0.0,0.0,0.0
287,13,38,38,3420.0,0.0,0.0,0.0,0.0,0.0,3.0,0.0,0.0,0.0,0.0
288,13,37,37,3265.0,0.0,6.0,0.7,4.2,0.7,6.0,0.0,99.0,129.0,194.0
289,13,37,34,2613.0,3.0,7.0,4.6,7.1,4.6,6.0,0.0,56.0,138.0,125.0
290,13,33,31,2699.0,4.0,1.0,3.3,0.8,3.3,13.0,0.0,8.0,97.0,14.0
291,13,34,29,2634.0,1.0,3.0,1.6,1.9,1.6,3.0,0.0,48.0,77.0,113.0
292,13,29,25,2303.0,1.0,0.0,0.3,0.0,0.3,6.0,1.0,15.0,62.0,4.0
293,13,30,25,2192.0,5.0,2.0,5.3,4.7,5.3,2.0,0.0,109.0,147.0,175.0
294,13,31,24,2053.0,4.0,2.0,5.1,3.9,3.6,1.0,0.0,92.0,153.0,181.0
295,13,20,18,1617.0,2.0,0.0,0.7,0.1,0.7,2.0,0.0,10.0,62.0,5.0
296,13,26,18,1593.0,9.0,1.0,8.7,2.0,8.7,1.0,0.0,8.0,19.0,76.0
297,13,24,18,1395.0,7.0,0.0,5.2,1.5,5.2,3.0,1.0,11.0,24.0,87.0
298,13,18,17,1503.0,1.0,0.0,1.0,0.0,1.0,4.0,1.0,11.0,65.0,3.0
299,13,33,17,1423.0,6.0,2.0,4.6,1.8,4.6,4.0,0.0,35.0,47.0,95.0
300,13,35,16,1620.0,4.0,6.0,3.4,3.5,3.4,6.0,0.0,41.0,60.0,130.0
301,13,18,16,1424.0,0.0,0.0,0.3,0.0,0.3,4.0,1.0,11.0,66.0,1.0
302,13,27,15,1325.0,0.0,2.0,0.3,1.1,0.3,6.0,0.0,10.0,56.0,40.0
303,13,34,14,1488.0,1.0,4.0,1.1,2.3,1.1,3.0,0.0,35.0,145.0,72.0
304,13,24,13,1122.0,1.0,0.0,1.6,0.8,1.6,3.0,0.0,12.0,43.0,27.0
305,13,14,10,867.0,1.0,0.0,0.9,0.4,0.9,2.0,0.0,20.0,54.0,38.0
306,13,13,2,315.0,2.0,0.0,1.6,0.8,1.6,2.0,0.0,3.0,3.0,13.0
307,13,17,1,377.0,2.0,3.0,1.5,0.7,1.5,2.0,0.0,29.0,16.0,48.0
99,13,8,0,88.0,0.0,1.0,0.0,0.4,0.0,0.0,0.0,2.0,2.0,7.0
308,13,1,0,75.0,0.0,0.0,0.3,0.0,0.3,0.0,0.0,0.0,1.0,0.0
309,13,6,0,71.0,0.0,0.0,0.0,0.0,0.0,1.0,0.0,5.0,0.0,4.0
310,13,1,0,33.0,0.0,0.0,0.2,0.0,0.2,0.0,0.0,0.0,1.0,0.0
311,3,38,38,3420.0,0.0,0.0,0.0,0.1,0.0,5.0,0.0,1.0,6.0,0.0
312,3,38,38,3419.0,1.0,1.0,2.6,2.5,2.6,11.0,0.0,15.0,130.0,20.0
313,3,35,35,3116.0,3.0,0.0,1.7,1.0,1.7,8.0,0.0,2.0,74.0,6.0
314,3,37,34,3004.0,1.0,2.0,2.7,4.6,2.7,7.0,0.0,36.0,100.0,76.0
315,3,35,33,2892.0,3.0,6.0,3.4,8.8,3.4,2.0,0.0,80.0,114.0,147.0
316,3,32,32,2629.0,7.0,1.0,8.8,2.9,8.8,7.0,0.0,55.0,97.0,140.0
317,3,28,28,2469.0,2.0,0.0,1.5,0.9,1.5,1.0,0.0,14.0,55.0,68.0
318,3,31,27,2280.0,0.0,0.0,0.6,1.5,0.6,7.0,1.0,40.0,82.0,61.0
319,3,32,26,2171.0,7.0,2.0,12.9,3.1,11.4,2.0,0.0,36.0,31.0,122.0
320,3,29,25,2214.0,3.0,3.0,3.6,3.4,3.6,1.0,0.0,65.0,62.0,135.0
321,3,25,24,1884.0,4.0,0.0,1.3,1.1,1.3,8.0,0.0,29.0,83.0,41.0
322,3,30,23,2091.0,2.0,0.0,2.0,2.7,2.0,5.0,0.0,21.0,107.0,39.0
323,3,15,13,1120.0,0.0,0.0,1.7,0.3,1.7,2.0,0.0,11.0,43.0,26.0
324,3,20,9,1005.0,0.0,2.0,0.3,1.7,0.3,4.0,0.0,17.0,38.0,39.0
325,3,30,9,951.0,3.0,0.0,6.8,0.9,6.0,2.0,0.0,14.0,14.0,58.0
326,3,12,7,665.0,0.0,0.0,0.0,1.0,0.0,0.0,0.0,5.0,22.0,16.0
327,3,14,5,595.0,1.0,0.0,2.6,1.1,2.6,0.0,0.0,24.0,9.0,44.0
328,3,9,4,439.0,1.0,0.0,0.7,0.0,0.7,2.0,0.0,4.0,14.0,3.0
329,3,12,3,508.0,1.0,0.0,0.3,0.4,0.3,4.0,0.0,8.0,36.0,29.0
330,3,2,2,140.0,0.0,0.0,0.3,0.2,0.3,0.0,0.0,6.0,4.0,8.0
331,3,12,1,232.0,1.0,0.0,0.3,0.5,0.3,1.0,0.0,6.0,3.0,20.0
332,3,18,1,208.0,0.0,0.0,0.7,0.8,0.7,3.0,0.0,5.0,5.0,15.0
333,3,2,1,111.0,0.0,0.0,1.4,0.1,1.4,0.0,0.0,1.0,0.0,6.0
334,3,1,0,1.0,0.0,0.0,0.0,0.0,0.0,0.0,0.0,0.0,0.0,0.0
335,3,1,0,1.0,0.0,0.0,0.0,0.0,0.0,0.0,0.0,0.0,0.0,0.0
336,3,1,0,1.0,0.0,0.0,0.0,0.0,0.0,0.0,0.0,0.0,0.0,0.0
337,4,36,34,3114.0,4.0,10.0,6.5,8.1,5.7,6.0,0.0,83.0,302.0,180.0
338,4,33,33,2869.0,3.0,1.0,3.1,0.9,3.1,7.0,1.0,33.0,152.0,13.0
339,4,28,26,2369.0,0.0,0.0,1.2,0.9,1.2,4.0,0.0,25.0,147.0,7.0
340,4,31,25,2222.0,6.0,1.0,4.3,3.7,4.3,3.0,0.0,111.0,50.0,278.0
341,4,30,24,2120.0,0.0,1.0,1.0,2.0,1.0,8.0,1.0,39.0,193.0,33.0
342,4,21,21,1890.0,0.0,0.0,0.0,0.0,0.0,3.0,0.0,0.0,3.0,0.0
343,4,29,21,1693.0,5.0,1.0,5.3,1.7,5.3,4.0,0.0,32.0,44.0,100.0
344,4,31,19,2045.0,9.0,3.0,11.9,3.8,7.9,2.0,0.0,83.0,92.0,205.0
345,4,24,17,1637.0,0.0,0.0,0.3,0.7,0.3,4.0,0.0,30.0,107.0,12.0
346,4,27,17,1588.0,1.0,1.0,0.4,0.5,0.4,4.0,0.0,24.0,85.0,54.0
347,4,17,17,1530.0,0.0,0.0,0.0,0.0,0.0,0.0,0.0,0.0,0.0,0.0
348,4,27,17,1364.0,3.0,1.0,2.4,1.8,2.4,7.0,0.0,23.0,42.0,69.0
349,4,19,15,1486.0,3.0,4.0,3.5,2.7,3.5,4.0,0.0,121.0,64.0,239.0
350,4,27,15,1367.0,6.0,0.0,4.6,0.5,4.6,1.0,0.0,13.0,15.0,62.0
351,4,27,15,1325.0,0.0,0.0,0.8,0.3,0.8,7.0,0.0,19.0,50.0,9.0
352,4,19,15,1243.0,2.0,3.0,1.0,3.5,1.0,4.0,0.0,47.0,83.0,88.0
353,4,15,13,1144.0,0.0,0.0,0.4,0.1,0.4,2.0,0.0,16.0,80.0,2.0
354,4,25,13,850.0,0.0,1.0,0.8,1.7,0.8,2.0,0.0,9.0,39.0,55.0
355,4,15,11,773.0,0.0,2.0,0.3,1.8,0.3,3.0,0.0,11.0,69.0,73.0
356,4,19,10,914.0,0.0,3.0,0.4,1.2,0.4,3.0,0.0,39.0,17.0,64.0
357,4,12,8,869.0,3.0,0.0,1.9,0.7,1.9,1.0,0.0,16.0,19.0,38.0
358,4,7,7,554.0,3.0,1.0,2.0,1.0,2.0,1.0,0.0,14.0,24.0,44.0
359,4,17,6,618.0,0.0,0.0,0.6,0.8,0.6,2.0,0.0,10.0,23.0,26.0
360,4,9,6,452.0,0.0,1.0,0.2,0.9,0.2,1.0,1.0,4.0,11.0,6.0
361,4,12,5,475.0,0.0,2.0,1.4,1.7,1.4,2.0,0.0,28.0,21.0,29.0
362,4,19,3,521.0,2.0,0.0,3.4,0.8,3.4,2.0,0.0,16.0,28.0,50.0
363,4,6,3,307.0,0.0,0.0,0.2,0.2,0.2,1.0,0.0,8.0,14.0,20.0
364,4,4,1,128.0,0.0,0.0,0.0,0.0,0.0,0.0,0.0,9.0,4.0,9.0
365,4,3,1,63.0,0.0,0.0,0.1,0.0,0.1,1.0,0.0,0.0,0.0,0.0
366,4,5,0,40.0,0.0,0.0,0.0,0.1,0.0,1.0,0.0,1.0,2.0,2.0
367,6,37,37,3330.0,1.0,0.0,1.1,0.4,1.1,5.0,0.0,24.0,109.0,1.0
368,6,38,37,3325.0,19.0,3.0,19.6,3.0,17.2,3.0,0.0,52.0,60.0,184.0
369,6,37,35,2907.0,0.0,5.0,2.3,5.4,2.3,6.0,0.0,60.0,167.0,78.0
370,6,32,32,2880.0,0.0,0.0,0.0,0.0,0.0,5.0,0.0,0.0,0.0,0.0
371,6,33,32,2786.0,0.0,3.0,0.4,4.3,0.4,5.0,1.0,22.0,142.0,15.0
372,6,31,26,2242.0,4.0,5.0,2.0,1.7,2.0,13.0,0.0,31.0,127.0,4.0
373,6,32,26,1916.0,7.0,1.0,6.2,1.9,6.2,5.0,0.0,65.0,50.0,114.0
374,6,28,25,2150.0,0.0,2.0,0.1,1.3,0.1,6.0,0.0,24.0,89.0,28.0
375,6,30,25,2118.0,3.0,4.0,3.9,5.2,3.9,3.0,0.0,79.0,84.0,171.0
376,6,33,25,2105.0,8.0,2.0,4.6,3.2,4.6,6.0,0.0,89.0,64.0,188.0
377,6,28,22,1970.0,0.0,1.0,1.2,0.8,1.2,4.0,1.0,46.0,44.0,93.0
378,6,23,17,1559.0,0.0,1.0,0.3,1.2,0.3,2.0,0.0,15.0,56.0,28.0
379,6,29,13,1398.0,2.0,2.0,2.5,3.2,2.5,3.0,1.0,22.0,53.0,63.0
380,6,20,13,1237.0,0.0,1.0,0.0,0.8,0.0,1.0,0.0,22.0,43.0,26.0
381,6,30,12,1229.0,1.0,2.0,2.6,1.5,2.6,3.0,0.0,47.0,35.0,90.0
382,6,23,11,1014.0,1.0,1.0,0.7,1.7,0.7,3.0,0.0,24.0,50.0,35.0
383,6,20,7,699.0,2.0,2.0,2.5,2.4,2.5,0.0,0.0,51.0,38.0,85.0
384,6,10,6,617.0,0.0,1.0,0.1,0.4,0.1,2.0,0.0,4.0,25.0,1.0
385,6,4,4,360.0,0.0,0.0,0.0,0.0,0.0,0.0,0.0,0.0,0.0,0.0
386,6,11,3,386.0,0.0,0.0,0.1,0.2,0.1,0.0,0.0,6.0,20.0,3.0
387,6,16,2,328.0,2.0,2.0,2.9,1.0,2.9,1.0,0.0,4.0,7.0,28.0
388,6,13,2,282.0,1.0,1.0,2.2,1.0,2.2,1.0,0.0,8.0,21.0,27.0
389,6,2,2,180.0,0.0,0.0,0.0,0.0,0.0,0.0,0.0,0.0,0.0,0.0
390,6,3,2,152.0,0.0,0.0,0.1,0.0,0.1,1.0,0.0,2.0,8.0,9.0
391,6,3,1,121.0,0.0,0.0,0.0,0.1,0.0,0.0,0.0,4.0,5.0,1.0
392,6,5,1,76.0,0.0,0.0,0.0,0.0,0.0,0.0,0.0,0.0,5.0,1.0
393,6,8,0,108.0,1.0,0.0,1.5,0.2,1.5,0.0,0.0,2.0,4.0,15.0
394,6,3,0,47.0,0.0,0.0,0.2,0.0,0.2,0.0,0.0,2.0,3.0,4.0
395,6,5,0,41.0,0.0,0.0,0.2,0.0,0.2,1.0,0.0,4.0,5.0,4.0
396,6,1,0,1.0,0.0,0.0,0.0,0.0,0.0,0.0,0.0,0.0,0.0,0.0
397,25,38,38,3420.0,2.0,0.0,1.8,1.4,1.8,7.0,0.0,22.0,117.0,5.0
398,25,36,36,3084.0,0.0,1.0,1.3,1.7,1.3,10.0,1.0,103.0,138.0,150.0
399,25,35,35,3037.0,0.0,1.0,0.0,0.0,0.0,1.0,0.0,0.0,1.0,0.0
400,25,35,34,2968.0,4.0,1.0,4.6,1.5,4.6,12.0,1.0,32.0,76.0,49.0
401,25,34,32,2649.0,2.0,1.0,1.7,1.1,1.7,11.0,0.0,28.0,101.0,44.0
402,25,35,31,2772.0,1.0,3.0,1.6,1.2,1.6,7.0,0.0,22.0,79.0,11.0
403,25,32,29,2440.0,12.0,7.0,9.5,3.2,8.7,9.0,0.0,107.0,87.0,139.0
404,25,33,29,2329.0,2.0,1.0,3.3,2.4,3.3,7.0,0.0,67.0,99.0,99.0
405,25,25,25,2209.0,1.0,1.0,1.5,1.4,1.5,7.0,0.0,1.0,49.0,4.0
406,25,29,25,2119.0,12.0,3.0,7.7,3.0,6.9,6.0,0.0,37.0,37.0,120.0
407,25,30,20,1745.0,4.0,7.0,5.5,5.9,3.9,5.0,0.0,41.0,109.0,137.0
408,25,20,18,1516.0,2.0,9.0,3.5,4.4,3.5,4.0,0.0,98.0,54.0,149.0
409,25,26,11,1222.0,0.0,0.0,0.4,0.4,0.4,2.0,0.0,21.0,81.0,17.0
410,25,22,10,958.0,2.0,1.0,1.6,1.0,1.6,0.0,1.0,30.0,39.0,49.0
411,25,30,9,1150.0,1.0,0.0,0.8,1.3,0.8,2.0,0.0,12.0,31.0,64.0
412,25,12,9,822.0,0.0,0.0,0.0,0.1,0.0,1.0,0.0,3.0,11.0,2.0
413,25,24,7,819.0,0.0,0.0,0.3,0.4,0.3,4.0,0.0,9.0,29.0,15.0
414,25,22,7,741.0,0.0,0.0,0.3,0.8,0.3,1.0,0.0,22.0,8.0,40.0
415,25,5,3,383.0,0.0,0.0,0.0,0.0,0.0,0.0,0.0,0.0,0.0,0.0
416,25,8,3,264.0,0.0,0.0,1.0,0.2,1.0,2.0,0.0,5.0,10.0,13.0
18,25,2,2,179.0,0.0,0.0,0.1,0.1,0.1,2.0,1.0,7.0,8.0,9.0
417,25,3,2,174.0,0.0,0.0,0.1,0.0,0.1,0.0,0.0,1.0,2.0,7.0
418,25,7,1,186.0,0.0,0.0,0.3,0.1,0.3,1.0,0.0,1.0,2.0,21.0
419,25,11,1,166.0,2.0,0.0,1.1,1.0,1.1,0.0,0.0,1.0,5.0,9.0
420,25,8,1,145.0,0.0,0.0,0.2,0.0,0.2,1.0,0.0,1.0,7.0,8.0
421,25,1,0,5.0,0.0,0.0,0.0,0.0,0.0,0.0,0.0,0.0,0.0,0.0
422,25,1,0,1.0,0.0,0.0,0.0,0.0,0.0,0.0,0.0,0.0,0.0,2.0
423,8,37,37,3285.0,0.0,1.0,0.0,0.5,0.0,3.0,0.0,0.0,5.0,0.0
424,8,38,37,3054.0,1.0,3.0,1.8,4.8,1.8,8.0,0.0,25.0,123.0,81.0
425,8,31,30,2505.0,2.0,1.0,3.5,1.9,3.5,8.0,0.0,15.0,161.0,42.0
426,8,32,29,2652.0,1.0,1.0,1.7,2.2,1.7,3.0,0.0,11.0,97.0,18.0
427,8,34,29,2493.0,12.0,3.0,10.6,3.9,10.6,7.0,0.0,45.0,48.0,150.0
428,8,29,28,2521.0,2.0,0.0,2.0,1.0,2.0,1.0,0.0,11.0,61.0,16.0
429,8,32,27,2204.0,3.0,3.0,0.7,4.0,0.7,5.0,0.0,19.0,123.0,66.0
430,8,34,22,1985.0,1.0,2.0,0.9,1.8,0.9,1.0,0.0,18.0,43.0,90.0
431,8,25,22,1960.0,9.0,6.0,9.8,4.6,7.4,2.0,0.0,74.0,88.0,195.0
432,8,28,21,1832.0,2.0,1.0,1.3,2.3,1.3,5.0,0.0,22.0,61.0,31.0
433,8,17,16,1450.0,4.0,2.0,6.0,1.5,6.0,5.0,0.0,23.0,40.0,98.0
434,8,30,15,1441.0,3.0,1.0,6.3,1.7,6.3,0.0,0.0,56.0,32.0,135.0
435,8,16,15,1272.0,2.0,0.0,1.5,0.3,1.5,1.0,1.0,11.0,49.0,9.0
195,8,16,14,1118.0,0.0,4.0,0.8,2.8,0.8,4.0,1.0,34.0,38.0,40.0
333,8,29,13,1321.0,6.0,3.0,5.7,2.3,5.7,8.0,0.0,21.0,37.0,91.0
436,8,14,12,1087.0,1.0,0.0,0.7,0.9,0.7,4.0,0.0,5.0,50.0,4.0
437,8,26,11,1161.0,1.0,2.0,2.2,1.8,2.2,8.0,0.0,17.0,33.0,39.0
438,8,9,9,713.0,0.0,0.0,0.2,0.1,0.2,5.0,0.0,9.0,21.0,13.0
439,8,23,7,842.0,0.0,2.0,0.9,1.4,0.9,2.0,0.0,16.0,61.0,32.0
440,8,19,7,739.0,1.0,0.0,0.3,1.1,0.3,5.0,0.0,22.0,36.0,31.0
441,8,27,6,688.0,0.0,0.0,1.0,0.1,1.0,2.0,0.0,13.0,35.0,36.0
442,8,5,5,401.0,0.0,1.0,0.1,1.0,0.1,1.0,0.0,13.0,20.0,12.0
443,8,11,3,333.0,2.0,1.0,1.2,0.7,1.2,0.0,0.0,8.0,9.0,23.0
444,8,10,2,229.0,1.0,1.0,0.9,0.2,0.9,1.0,0.0,3.0,5.0,1.0
445,8,2,1,135.0,0.0,0.0,0.0,0.0,0.0,0.0,0.0,0.0,0.0,0.0
446,8,8,0,59.0,0.0,0.0,0.1,0.0,0.1,0.0,0.0,10.0,4.0,17.0
447,8,3,0,24.0,0.0,0.0,0.0,0.2,0.0,0.0,0.0,2.0,2.0,5.0
448,8,3,0,13.0,0.0,0.0,0.0,0.0,0.0,0.0,0.0,2.0,1.0,1.0
449,26,37,35,3156.0,5.0,10.0,6.9,8.4,6.1,9.0,0.0,80.0,170.0,181.0
450,26,32,32,2789.0,0.0,2.0,1.8,1.2,1.8,5.0,0.0,22.0,89.0,7.0
451,26,36,25,2433.0,5.0,9.0,6.6,6.7,6.6,1.0,0.0,98.0,49.0,196.0
452,26,35,21,1992.0,1.0,1.0,2.6,0.8,2.6,6.0,0.0,18.0,73.0,37.0
453,26,29,20,1854.0,8.0,1.0,2.7,2.8,2.7,0.0,0.0,111.0,58.0,171.0
454,26,31,20,1812.0,14.0,1.0,11.9,2.1,11.9,0.0,0.0,16.0,30.0,76.0
455,26,29,20,1792.0,2.0,2.0,1.8,1.5,1.8,4.0,0.0,22.0,83.0,28.0
456,26,22,20,1692.0,1.0,1.0,0.3,0.9,0.3,3.0,0.0,53.0,68.0,38.0
457,26,20,19,1563.0,1.0,0.0,0.8,0.2,0.8,6.0,0.0,13.0,45.0,14.0
458,26,26,19,1495.0,2.0,2.0,1.3,1.0,1.3,4.0,0.0,14.0,91.0,43.0
459,26,26,18,1637.0,0.0,1.0,0.8,1.6,0.8,4.0,0.0,48.0,47.0,86.0
460,26,20,18,1438.0,2.0,1.0,1.5,1.3,1.5,3.0,1.0,4.0,32.0,3.0
461,26,17,17,1530.0,0.0,0.0,0.0,0.0,0.0,2.0,0.0,0.0,0.0,0.0
462,26,16,16,1440.0,0.0,0.0,0.0,0.1,0.0,1.0,0.0,0.0,0.0,0.0
463,26,21,15,1460.0,1.0,0.0,1.1,0.1,1.1,5.0,1.0,13.0,39.0,6.0
464,26,23,15,1459.0,1.0,3.0,1.6,1.5,1.6,3.0,0.0,10.0,42.0,34.0
465,26,17,13,1035.0,0.0,0.0,0.6,0.4,0.6,6.0,0.0,5.0,44.0,7.0
466,26,20,12,1042.0,6.0,3.0,4.7,1.7,4.7,2.0,0.0,8.0,14.0,45.0
467,26,12,10,833.0,0.0,2.0,0.2,0.5,0.2,2.0,0.0,10.0,47.0,29.0
468,26,14,8,801.0,0.0,2.0,0.1,1.4,0.1,5.0,0.0,10.0,28.0,32.0
469,26,11,8,783.0,0.0,0.0,0.1,0.1,0.1,2.0,0.0,1.0,8.0,0.0
470,26,20,6,606.0,0.0,1.0,1.4,2.1,1.4,1.0,0.0,19.0,14.0,41.0
471,26,8,5,457.0,0.0,0.0,0.2,0.5,0.2,2.0,0.0,14.0,24.0,12.0
472,26,5,5,450.0,0.0,0.0,0.0,0.0,0.0,0.0,0.0,0.0,1.0,0.0
473,26,7,5,439.0,0.0,0.0,0.1,0.2,0.1,0.0,1.0,0.0,8.0,1.0
474,26,5,5,416.0,0.0,0.0,0.2,0.2,0.2,0.0,0.0,1.0,10.0,0.0
475,26,7,4,375.0,0.0,0.0,0.1,0.1,0.1,4.0,0.0,1.0,6.0,0.0
476,26,3,3,237.0,0.0,0.0,0.3,0.2,0.3,0.0,0.0,8.0,1.0,14.0
477,26,9,2,235.0,0.0,1.0,0.3,0.5,0.3,0.0,0.0,3.0,12.0,14.0
478,26,12,2,212.0,0.0,0.0,0.3,0.0,0.3,2.0,0.0,0.0,5.0,5.0
479,26,4,0,17.0,0.0,0.0,0.0,0.0,0.0,0.0,0.0,2.0,2.0,1.0
480,26,1,0,8.0,0.0,0.0,0.1,0.0,0.1,0.0,0.0,0.0,0.0,0.0
481,26,1,0,5.0,0.0,0.0,0.0,0.0,0.0,0.0,0.0,0.0,0.0,1.0
482,20,38,38,3405.0,0.0,0.0,0.0,0.0,0.0,3.0,0.0,0.0,1.0,0.0
483,20,37,34,2925.0,2.0,8.0,1.3,6.3,1.3,5.0,0.0,94.0,106.0,164.0
484,20,38,32,2862.0,11.0,4.0,11.4,2.8,7.5,4.0,0.0,37.0,56.0,120.0
485,20,32,30,2618.0,5.0,4.0,4.1,3.7,4.1,6.0,0.0,48.0,163.0,39.0
486,20,30,28,2469.0,1.0,0.0,0.6,0.3,0.6,3.0,0.0,15.0,54.0,1.0
487,20,21,21,1846.0,2.0,0.0,1.1,0.1,1.1,3.0,0.0,10.0,37.0,4.0
488,20,24,21,1729.0,0.0,2.0,0.2,2.1,0.2,7.0,0.0,60.0,54.0,85.0
489,20,21,21,1720.0,0.0,0.0,0.3,0.5,0.3,0.0,0.0,32.0,76.0,10.0
490,20,30,20,1995.0,4.0,1.0,4.2,3.1,4.2,1.0,0.0,127.0,53.0,150.0
491,20,33,20,1982.0,4.0,0.0,2.7,0.5,2.7,4.0,0.0,57.0,72.0,101.0
492,20,22,20,1660.0,0.0,4.0,1.3,1.4,1.3,5.0,0.0,11.0,67.0,14.0
493,20,27,16,1419.0,10.0,0.0,5.9,0.7,5.9,1.0,0.0,16.0,23.0,110.0
494,20,17,16,1303.0,1.0,3.0,0.6,1.4,0.6,4.0,0.0,29.0,72.0,13.0
495,20,23,14,1304.0,1.0,1.0,1.0,1.3,1.0,4.0,0.0,21.0,51.0,39.0
496,20,27,14,1210.0,1.0,3.0,1.2,1.3,1.2,1.0,0.0,47.0,35.0,71.0
497,20,14,14,1169.0,1.0,1.0,1.1,0.6,1.1,4.0,0.0,6.0,37.0,2.0
498,20,13,13,1130.0,0.0,0.0,0.2,0.4,0.2,5.0,0.0,1.0,36.0,5.0
499,20,19,12,1019.0,2.0,0.0,2.8,0.7,2.8,4.0,0.0,25.0,19.0,53.0
500,20,27,11,1101.0,0.0,0.0,0.6,0.4,0.6,1.0,0.0,10.0,34.0,15.0
501,20,10,6,595.0,0.0,0.0,0.1,0.7,0.1,0.0,0.0,3.0,21.0,16.0
502,20,11,5,503.0,0.0,0.0,0.1,0.2,0.1,0.0,0.0,9.0,17.0,30.0
503,20,8,4,407.0,0.0,0.0,0.2,0.1,0.2,1.0,0.0,9.0,6.0,21.0
504,20,8,4,400.0,1.0,0.0,0.3,0.0,0.3,1.0,0.0,0.0,7.0,1.0
505,20,24,2,427.0,1.0,1.0,1.4,1.2,1.4,2.0,0.0,7.0,6.0,22.0
506,20,17,2,323.0,2.0,1.0,1.0,0.3,1.0,1.0,0.0,1.0,8.0,7.0
507,20,2,0,77.0,0.0,0.0,0.0,0.0,0.0,1.0,0.0,0.0,2.0,1.0
508,20,1,0,15.0,0.0,0.0,0.0,0.0,0.0,0.0,0.0,0.0,0.0,0.0
509,20,2,0,7.0,0.0,0.0,0.0,0.0,0.0,0.0,0.0,0.0,0.0,0.0
510,1,37,34,3005.0,1.0,2.0,1.9,2.4,1.9,10.0,1.0,64.0,164.0,29.0
511,1,33,32,2892.0,3.0,4.0,0.7,2.0,0.7,5.0,1.0,32.0,122.0,10.0
512,1,28,28,2520.0,0.0,0.0,0.0,0.0,0.0,2.0,0.0,0.0,6.0,0.0
513,1,34,27,1953.0,5.0,1.0,5.8,1.4,5.0,2.0,0.0,63.0,49.0,93.0
514,1,32,26,2314.0,0.0,2.0,1.6,1.3,1.6,1.0,0.0,59.0,66.0,110.0
515,1,28,25,2331.0,1.0,1.0,0.2,1.2,0.2,8.0,0.0,36.0,82.0,81.0
516,1,29,25,2098.0,3.0,2.0,2.8,3.3,2.8,3.0,0.0,102.0,58.0,123.0
517,1,33,23,2252.0,4.0,2.0,1.9,2.1,1.9,4.0,1.0,19.0,90.0,36.0
518,1,25,23,2057.0,2.0,3.0,0.6,1.8,0.6,9.0,0.0,22.0,123.0,22.0
519,1,24,22,1899.0,5.0,3.0,4.5,1.9,4.5,0.0,1.0,55.0,37.0,104.0
520,1,32,16,1249.0,6.0,0.0,5.0,1.5,4.2,1.0,0.0,61.0,38.0,146.0
521,1,16,15,1309.0,0.0,0.0,0.3,0.0,0.3,6.0,0.0,15.0,40.0,3.0
522,1,15,15,1234.0,1.0,2.0,0.4,2.6,0.4,5.0,1.0,38.0,34.0,57.0
523,1,15,15,1234.0,0.0,1.0,0.5,0.3,0.5,6.0,0.0,9.0,25.0,1.0
524,1,15,13,974.0,1.0,1.0,2.0,1.3,2.0,0.0,0.0,53.0,19.0,82.0
525,1,26,12,1192.0,1.0,3.0,1.9,2.7,1.9,2.0,0.0,13.0,59.0,69.0
526,1,13,12,1056.0,1.0,0.0,1.3,0.1,1.3,1.0,0.0,7.0,35.0,9.0
527,1,10,10,900.0,0.0,0.0,0.0,0.2,0.0,0.0,0.0,0.0,1.0,0.0
528,1,15,10,879.0,4.0,1.0,4.5,1.8,4.5,1.0,0.0,21.0,15.0,39.0
529,1,14,8,823.0,0.0,1.0,0.0,0.2,0.0,5.0,1.0,6.0,38.0,13.0
530,1,21,7,822.0,2.0,1.0,3.5,0.2,2.7,0.0,0.0,2.0,17.0,28.0
531,1,12,5,589.0,0.0,0.0,0.4,0.2,0.4,2.0,0.0,2.0,18.0,6.0
532,1,14,5,527.0,0.0,0.0,0.3,0.4,0.3,1.0,0.0,8.0,8.0,17.0
533,1,8,5,437.0,0.0,0.0,0.1,0.1,0.1,2.0,0.0,5.0,11.0,1.0
534,1,16,3,420.0,0.0,0.0,0.5,0.4,0.5,0.0,0.0,15.0,10.0,31.0
535,1,6,1,152.0,0.0,0.0,0.2,0.0,0.2,0.0,1.0,2.0,2.0,12.0
536,1,8,1,116.0,0.0,0.0,0.1,0.0,0.1,0.0,0.0,5.0,2.0,14.0
537,1,12,0,142.0,0.0,0.0,0.0,0.3,0.0,1.0,0.0,7.0,8.0,22.0
538,1,4,0,27.0,0.0,0.0,0.0,0.0,0.0,0.0,0.0,4.0,4.0,1.0
539,1,2,0,20.0,0.0,0.0,0.1,0.0,0.1,0.0,0.0,0.0,0.0,3.0
540,1,3,0,16.0,0.0,0.0,0.0,0.0,0.0,0.0,0.0,2.0,0.0,0.0
541,27,36,34,2910.0,4.0,6.0,3.0,6.1,3.0,9.0,0.0,36.0,135.0,86.0
542,27,34,32,2788.0,3.0,0.0,2.3,1.0,2.3,9.0,0.0,38.0,60.0,92.0
543,27,34,31,2885.0,1.0,1.0,1.2,1.2,1.2,10.0,0.0,8.0,63.0,14.0
544,27,36,29,2668.0,1.0,0.0,0.6,0.2,0.6,3.0,0.0,7.0,66.0,21.0
545,27,31,29,2649.0,2.0,0.0,3.1,0.8,3.1,11.0,1.0,15.0,43.0,21.0
546,27,30,29,2649.0,0.0,0.0,0.0,0.1,0.0,2.0,0.0,0.0,0.0,0.0
547,27,32,28,2572.0,0.0,0.0,0.4,1.1,0.4,4.0,0.0,10.0,40.0,15.0
548,27,29,21,1832.0,4.0,1.0,5.5,2.8,5.5,1.0,0.0,33.0,15.0,113.0
549,27,30,20,1822.0,3.0,3.0,3.1,2.9,2.3,2.0,0.0,55.0,51.0,110.0
550,27,27,16,1440.0,1.0,0.0,1.1,0.6,0.3,8.0,0.0,3.0,73.0,10.0
551,27,21,15,1280.0,6.0,3.0,6.9,2.0,5.3,7.0,2.0,6.0,30.0,60.0
552,27,24,14,1367.0,0.0,2.0,0.2,0.9,0.2,3.0,0.0,16.0,55.0,44.0
553,27,14,14,1105.0,6.0,1.0,6.1,1.5,5.3,3.0,0.0,23.0,37.0,78.0
554,27,20,12,938.0,0.0,0.0,0.4,0.1,0.4,1.0,0.0,12.0,18.0,22.0
555,27,13,11,969.0,0.0,1.0,0.0,0.8,0.0,4.0,0.0,9.0,31.0,24.0
556,27,12,11,943.0,0.0,0.0,0.0,0.7,0.0,2.0,0.0,13.0,43.0,4.0
557,27,12,11,917.0,0.0,0.0,0.5,0.1,0.5,3.0,0.0,8.0,33.0,22.0
558,27,21,9,786.0,0.0,0.0,1.6,0.1,1.6,4.0,0.0,7.0,2.0,41.0
559,27,9,9,771.0,0.0,0.0,0.0,0.0,0.0,1.0,0.0,0.0,0.0,0.0
560,27,10,9,710.0,0.0,0.0,0.6,0.4,0.6,3.0,1.0,0.0,13.0,0.0
561,27,11,6,531.0,0.0,0.0,0.2,0.3,0.2,1.0,0.0,18.0,14.0,12.0
562,27,6,6,482.0,0.0,0.0,0.2,0.0,0.2,2.0,0.0,0.0,5.0,1.0
563,27,10,4,503.0,0.0,0.0,0.6,0.7,0.6,1.0,0.0,5.0,12.0,11.0
564,27,15,4,419.0,0.0,0.0,0.8,0.3,0.8,2.0,0.0,3.0,12.0,21.0
565,27,8,3,387.0,0.0,0.0,0.3,0.5,0.3,0.0,0.0,7.0,9.0,14.0
566,27,13,3,346.0,0.0,0.0,0.4,0.1,0.4,0.0,1.0,1.0,3.0,21.0
567,27,8,3,321.0,0.0,0.0,0.1,0.3,0.1,1.0,0.0,1.0,7.0,6.0
568,27,9,2,221.0,0.0,0.0,0.4,0.1,0.4,2.0,0.0,3.0,8.0,3.0
569,27,5,2,110.0,0.0,0.0,0.0,0.0,0.0,1.0,0.0,3.0,2.0,6.0
570,27,4,1,92.0,0.0,0.0,0.0,0.4,0.0,1.0,0.0,2.0,3.0,0.0
571,27,1,0,28.0,0.0,0.0,0.0,0.0,0.0,0.0,0.0,0.0,1.0,1.0
572,27,1,0,21.0,0.0,0.0,0.0,0.0,0.0,0.0,0.0,0.0,0.0,1.0
573,27,2,0,13.0,0.0,0.0,0.0,0.0,0.0,0.0,0.0,0.0,0.0,0.0
574,27,1,0,10.0,0.0,0.0,0.0,0.0,0.0,0.0,0.0,0.0,0.0,0.0
575,27,1,0,8.0,0.0,0.0,0.0,0.0,0.0,0.0,0.0,1.0,0.0,0.0
